{
  "metadata": {
    "run_id": "7a3de940",
    "timestamp": "2025-12-31T15:03:53.019496+00:00",
    "temporalcv_version": "0.1.0",
    "python_version": "3.13.7",
    "platform": "Linux",
    "cpu_count": 128
  },
  "report": {
    "results": [
      {
        "dataset_name": "m4_daily",
        "models": [
          {
            "model_name": "Naive",
            "package": "temporalcv",
            "metrics": {
              "mae": 172.58252418036972,
              "rmse": 333.60171958918846,
              "mape": 6.087786104505682,
              "direction_accuracy": 0.10221586847748391
            },
            "runtime_seconds": 1.3836019206792116e-05,
            "model_params": {}
          },
          {
            "model_name": "SeasonalNaive_12",
            "package": "temporalcv",
            "metrics": {
              "mae": 230.78551665413343,
              "rmse": 449.4139062887421,
              "mape": 7.977739361170684,
              "direction_accuracy": 0.5203716940671909
            },
            "runtime_seconds": 0.0003336409863550216,
            "model_params": {
              "season_length": 12
            }
          }
        ],
        "primary_metric": "mae",
        "best_model": "Naive",
        "statistical_tests": {
          "SeasonalNaive_12": {
            "statistic": -4.970235743915188,
            "p_value": 7.512663111608475e-07,
            "significant": true
          }
        }
      }
    ],
    "summary": {
      "n_datasets": 1,
      "wins_by_model": {
        "Naive": 1
      },
      "mean_metrics_by_model": {
        "Naive": {
          "mae": 172.58252418036972,
          "rmse": 333.60171958918846,
          "mape": 6.087786104505682,
          "direction_accuracy": 0.10221586847748391
        },
        "SeasonalNaive_12": {
          "mae": 230.78551665413343,
          "rmse": 449.4139062887421,
          "mape": 7.977739361170684,
          "direction_accuracy": 0.5203716940671909
        }
      }
    }
  }
}
